"id";"price_usd"
1;79535.31
2;2259.93
4;672.0314
5;1.4322
7;90.9133
8;0.355015
9;2270.4
10;0.113293
11;39.0091
12;79334.33
13;10.1565
14;0.264218
15;433.7915
16;521.3
17;2477.08
18;393.7441
19;10.2104
20;0.999694
21;2476.8
22;1.0015
24;3.3685
25;2.1222
26;84.573
27;0.158586
28;57.0057
29;1.2003
30;9.6937
31;0.092885
32;0.0095881
33;6.2588e-06
34;297.0021
35;2.0913
36;0.073837
37;0.678324
38;3.6043
39;1.0005
40;1.3259
41;1.5629
42;4.0176e-06
43;2.932
44;116.0287
45;0.072513
46;96.5109
47;0.999047
48;9.222
49;4690.44
50;0.169571
51;4.0381
52;0.382838
53;4690.09
54;12.966
55;8.2845
56;0.11708
57;0.094173
58;0.036639
59;1.8622
60;77.7641
61;100.9853
62;7.2722
63;0.090173
64;1.0007
65;2461.02
66;2.0061
67;0.116289
68;1.8602
69;1.0387
70;1.0339
71;0.129748
72;0.220915
73;0.00186734
74;0.997571
75;0.0072753
76;1.9467
77;0.00862799
78;0.896633
79;0.07908
80;0.00894532
81;6.7419e-06
82;44.2123
84;0.456607
85;0.033278
86;1.3844
87;1.0013
88;1.5175
89;5.2397
90;0.209742
91;0.761246
92;2465.82
94;0.26132
95;2.3633
96;124.5555
97;0.256474
98;13.8348
99;7.83818e-05
100;0.436245
101;0.269563
102;0.042276
103;0.549028
104;0.373038
105;0.456971
106;0.390825
107;0.41305
108;0.020073
109;0.066279
110;0.200677
111;0.070828
112;0.264998
113;0.383041
114;127.2078
115;2551.03
116;16.702
117;3.42944e-05
118;1.9716
119;3.27151e-07
120;0.4502
121;0.00641766
122;0.036144
123;0.00342946
124;17.9852
125;3.00993e-07
126;0.050386
127;0.047272
128;0.028427
129;0.00308603
130;0.230695
131;1.475
132;0.145335
133;6.9138
134;0.060992
135;2248.64
136;0.220398
137;3.0598
138;1.2982
139;0.214301
140;1.7465
141;0.21209
142;1.1714
143;22.5512
144;0.503379
145;2.4918
146;0.771415
147;0.568931
148;0.077418
149;0.789489
150;0.097847
151;0.439209
152;0.183095
153;1.8471
154;0.501606
155;0.00502151
156;0.341026
157;0.046258
158;1.7704
159;0.889651
160;0.00357748
161;0.285887
162;7.9365e-06
163;0.528117
164;0.103763
165;11.4428
166;2.3297
167;0.613326
168;0.300751
169;0.090492
170;0.47224
171;0.048903
172;0.139978
174;0.013597
175;0.097385
176;0.00124293
177;0.289148
178;0.130393
179;0.046242
180;0.017723
181;1.0008
182;0.19865
183;3.6671
184;4.4296
185;0.062094
186;0.318277
187;0.011967
188;0.03578
189;0.291517
190;0.350572
191;0.151163
192;0.330794
193;0.082015
194;6.0384e-07
195;0.00191599
196;0.00017157
197;0.461382
198;2962.94
199;1.6713
200;0.332166
201;0.985961
202;6.3634
203;0.115036
204;4.6169
205;0.594588
206;0.265599
207;2.1983
208;0.00188947
209;0.00188763
210;2732.7
211;0.184968
212;0.0058923
213;5.3947
214;0.00903491
215;0.00129473
216;0.146854
217;1.4646
218;0.046896
219;0.104039
220;0.041687
221;0.011429
222;0.070788
223;0.065623
224;0.00414724
225;0.329634
226;0.011403
227;0.0027651
228;0.124572
229;0.075719
230;0.00018399
231;0.00158085
232;4.39561658125168e-10
233;0.0008704
234;0.00041839
235;0.549007
236;0.00788071
237;0.044741
238;0.803735
239;0.00872627
240;6.9394
241;1.5413
243;0.151455
244;0.104968
245;5.67471e-07
246;0.030813
247;0.00645751
248;4.0214
249;8.8687
250;0.00379615
251;0.00043952
252;0.067029
253;0.061736
254;0.211213
255;0.014148
256;1.1598
257;0.00565868
258;1.3412e-06
259;0.065819
260;0.06452
261;0.951773
262;0.064384
263;0.229648
264;0.336268
265;1.5896e-07
266;0.021585
267;0.07523
268;0.127435
269;0.152712
270;0.080469
271;0.062812
272;0.025293
273;11.5727
274;0.00598808
275;0.03763
276;0.00361706
277;0.00794061
278;0.059351
279;0.859445
280;1.1708
281;0.080319
282;0.353462
283;0.079618
284;0.058545
286;0.00430739
287;0.062122
288;0.056844
289;0.00061224
290;0.00096991
291;0.0005456
292;0.022517
293;0.03763
294;0.092009
295;0.00057452
296;0.00558385
297;0.052428
298;0.055524
299;0.00513531
300;0.051362
302;18.9077
303;0.503305
304;0.014775
305;0.0050107
306;0.203619
307;0.010241
308;0.018834
309;1.1712
310;0.410837
311;0.39903
312;1.3449
313;0.066356
314;2.6502
315;1.5369
316;0.018292
317;0.016791
318;0.02332
319;0.107551
320;2.7395
321;87.5366
322;0.025045
323;0.040511
324;0.040281
325;0.485978
326;1.9781
327;0.208477
328;0.365838
329;0.12029
330;6.2174
331;0.00447362
332;0.00055785
333;0.00014965
334;0.118488
335;0.041258
336;0.129616
337;0.00686711
338;0.207093
339;0.144565
340;0.00058401
341;0.036541
342;0.343081
343;0.152923
344;9.29618e-05
345;0.00767663
346;0.067894
347;0.0028946
348;0.064627
349;1.47756e-07
350;0.00672908
351;54.9553
352;2.7872
353;0.22567
354;0.00380247
355;0.012127
356;2.4878
357;0.018744
358;0.017532
359;0.162327
360;0.031722
361;0.174822
362;0.00868042
363;0.346072
364;0.00343927
365;0.040075
366;0.177352
367;3.7942
368;0.033101
369;0.079318
370;0.00228324
371;0.033298
372;0.06768
373;0.00110147
374;0.301055
375;0.448045
376;0.033969
377;0.014215
378;1.7436
379;0.101626
380;6.11839e-05
381;0.364006
382;0.031296
383;0.00115634
384;0.24881
385;0.135001
386;0.078055
387;0.00301555
388;0.058034
389;0.202897
390;1.43152e-05
391;0.00679653
392;0.03095
393;1.4251e-08
394;0.00404002
395;0.0059714
396;0.031157
397;0.035141
398;0.070451
399;4.8491
400;0.00058233
401;0.306218
402;0.619015
403;0.296214
404;0.028744
405;0.136858
406;0.02102
407;4.8432
408;0.02135
409;2.8257
410;0.032196
411;3.00822288508293e-10
412;0.030915
413;0.00016993
414;0.458872
415;1.4111
416;0.034354
417;1.0009
418;0.034907
419;0.219492
420;0.277091
421;0.145654
422;0.00333231
423;0.315612
424;0.00440435
425;0.00721961
426;0.00778891
427;0.214481
428;0.139545
429;0.029498
430;0.290546
431;0.00461509
432;0.013588
433;0.658757
434;0.054437
435;0.042036
436;0.01436
437;0.004711
438;0.031595
439;2.6511
440;0.034419
441;0.104172
442;0.00071879
443;0.012923
444;0.037049
445;0.129301
446;2.0777
447;0.44121
448;0.052252
449;0.00112095
450;0.025813
451;0.542917
452;0.033998
453;0.258512
454;24.5582
455;0.300293
456;3.7621
457;0.00113933
458;0.552767
459;0.00812439
460;0.140059
461;0.05992
462;0.023902
463;0.159003
464;0.011785
465;0.197955
466;0.096713
467;0.024114
468;0.020279
469;0.03394
470;0.00296465
471;0.230495
472;0.00095281
473;0.011648
474;0.021388
475;0.00314849
476;0.042411
477;2.9735e-08
478;0.022132
479;0.015911
480;0.00282301
481;3.9635e-08
482;0.00215517
483;2.5478
484;0.256832
485;0.069502
486;151.3379
487;0.101539
488;0.160777
489;0.00360004
490;0.00312061
491;0.042524
492;0.113642
493;0.042561
494;0.025273
495;0.262722
496;0.020527
497;0.020711
498;2.07678e-05
499;0.00048728
500;0.021282
501;0.046869
502;0.0017716
503;0.049689
504;0.137355
505;0.024039
506;0.011996
507;0.06189
508;0.026723
509;0.954394
510;0.00609457
511;0.293448
512;0.11217
513;0.019524
514;0.016138
515;0.019364
516;0.020245
517;0.013683
518;0.109559
519;0.019914
520;0.039441
521;0.086727
522;0.018786
523;0.033242
524;0.117511
525;0.0463
526;0.00102005
527;0.264951
528;0.061826
529;0.00097185
530;0.018265
531;0.021419
532;0.025827
533;0.011772
534;0.00872558
535;0.019512
536;0.027944
537;0.00358549
538;0.354523
539;0.079426
540;4.2746
541;0.00073778
542;0.22316
543;0.110571
544;0.00061341
545;0.015255
546;0.038724
547;0.04199
548;0.02335
549;0.00954394
550;0.016305
551;0.562103
552;0.011483
553;0.137617
554;0.084972
555;0.158134
556;0.086764
557;0.078504
558;0.015544
559;0.016825
560;0.095742
561;0.01937
562;0.015632
563;0.00804755
564;0.00728752
565;0.292412
566;0.045334
567;0.01498
568;0.0016178
569;0.074898
570;2.022e-06
571;0.017667
572;0.543209
573;0.114772
574;7.62899e-05
575;0.282394
576;0.014508
577;0.015268
578;0.00176007
579;0.00017973
580;0.01475
581;0.061095
582;0.00120605
583;0.397426
584;0.037051
585;0.00154066
586;0.055578
587;2.02805e-05
588;0.139067
589;3.2206
590;0.014401
591;0.00942776
592;0.00189621
593;0.058634
594;0.084105
595;0.163586
596;0.018254
597;0.013161
598;0.303487
599;5.2815
600;0.012601
601;1.1171
602;0.012781
603;0.130127
604;1.1688
605;0.00770443
606;0.00177119
607;0.06207
609;0.00012448
610;0.00203665
611;0.069817
612;0.01508
613;0.033006
614;0.064562
615;0.40216
616;0.525052
617;0.00564311
618;0.011865
619;0.086323
620;0.120706
621;0.01164
622;0.033503
623;0.655755
624;0.011423
625;6.29186e-05
626;0.076259
627;2.11708e-05
628;0.00090179
629;0.103999
630;1.0104
631;0.786169
632;0.037539
633;0.365966
634;0.00732929
635;0.00428211
636;0.061054
637;0.027917
638;0.135393
639;1.55196e-07
640;0.055089
641;0.00016602
642;0.00167351
643;0.012658
644;3.12948e-05
645;0.00736331
646;0.017431
647;0.017495
648;0.00533476
649;0.00151128
650;112.415
651;1.0008
652;0.103118
653;0.00261021
654;0.026622
655;0.00223395
656;0.016702
657;0.010197
658;0.016896
659;0.059148
660;0.0001097
661;0.053755
662;0.15148
663;0.01174
664;0.181805
665;0.050875
666;2.7476
667;1.3827e-05
668;0.025371
669;0.708478
670;0.052311
671;2.3972e-08
672;0.1212
673;0.035472
674;0.00192178
675;0.815987
676;1.2332
677;0.115102
678;0.00016505
679;0.451357
680;15.01
681;0.00029885
682;0.130185
683;0.045082
684;0.00133918
685;0.041396
686;0.00492078
687;2.9498
688;0.062858
689;0.936634
690;8.7574e-06
691;9.6898e-06
692;0.00869379
693;0.292547
694;0.00440689
695;0.076961
696;0.043838
697;0.00817598
698;0.00826083
699;0.0852
700;0.077932
701;0.00560399
702;0.113676
703;0.0001909
704;0.013549
705;1.0004
706;0.024152
707;0.00501224
708;0.00920567
709;0.033818
710;0.00972501
711;0.021478
712;0.00048048
713;0.461489
714;0.022607
715;0.00086825
716;0.106399
717;0.031745
718;0.027937
719;0.00096817
720;0.618047
721;0.00744876
722;0.00277286
723;0.034473
724;1.0514
725;0.239035
726;0.00140913
727;0.00054716
728;0.34156
729;1.74007e-05
730;1.6904e-08
731;9.54173206466442e-09
732;0.421756
733;0.00089331
734;0.084809
735;0.091039
736;0.00470307
737;1.73441604096982e-10
738;0.031625
739;0.037518
740;0.00728115
741;0.034156
742;0.019534
743;0.019146
744;0.01416
745;0.00490306
746;0.00665219
747;9.8214
748;0.046176
749;0.010866
750;0.017382
751;3.50168e-05
752;0.00643744
753;1.0015
754;0.00306454
755;7.0781e-06
756;4.51481534707644e-10
757;0.00755834
758;0.149056
759;0.00992228
760;0.014078
761;0.153949
762;0.012263
763;0.052738
764;0.720987
765;0.00856624
766;0.010984
767;0.00166461
768;0.6528
769;0.027731
770;1.4142e-05
771;0.00296451
772;0.055472
773;0.00058647
774;0.00065081
775;5.80049391206674e-09
776;1.01025e-07
777;0.005768
778;0.416569
779;0.00882448
780;1.4793
781;0.00434367
782;0.569391
783;0.013773
784;7.37454748676403e-09
785;0.068024
786;0.058341
787;0.00801793
788;0.00982292
789;0.00561477
790;0.018204
791;0.148895
792;0.00567299
793;1.2511
794;0.00011204
795;0.00557168
796;0.054349
797;0.018519
798;0.00407493
799;0.00352198
800;0.01066
801;5.24716e-05
802;0.173221
803;0.032286
804;0.372517
805;0.00301169
806;0.132967
807;0.00016714
808;0.017415
809;0.028954
810;0.060681
811;0.00646468
812;0.00754037
813;6.8425e-06
814;0.07348
815;0.548719
816;0.023728
817;448.5446
818;0.085957
819;0.01013
820;2445.02
821;0.013482
822;0.00480722
823;0.00628631
824;0.010156
825;0.474045
826;0.331426
827;1.911e-08
828;0.00859931
829;0.086829
830;0.0004571
831;0.00065349
832;747.8543
833;0.014792
834;0.02607
835;0.00081707
836;0.029978
837;0.00092077
838;0.0049282
839;0.015175
840;0.00351226
841;0.017257
842;0.00470477
843;151.3179
844;0.019226
845;0.084555
846;0.03667
847;0.076492
848;0.00037135
849;0.01097
850;0.020831
851;0.00400431
852;1.1674
853;2.1018
854;0.063796
855;0.89725
856;0.00296351
857;0.630233
858;1.1645
859;0.032773
860;0.372715
861;0.00018367
862;0.011369
863;0.00547463
864;0.214774
865;0.00452228
866;0.095693
867;0.00732562
868;0.600234
869;0.00892715
870;0.00774031
871;0.414722
872;0.00078424
873;0.00348831
874;1.1781
875;0.485837
876;0.0039033
877;0.00055096
878;0.00018616
879;0.0042136
880;0.101186
881;0.00151353
882;0.084942
883;0.11799
884;0.00328616
885;0.00599809
886;0.038359
887;0.00340923
888;0.00058832
889;0.0021746
890;7.55465313768094e-09
891;0.314304
892;0.156232
893;0.00329237
894;0.00187198
895;2.73216e-05
896;5.6291e-08
897;0.031246
898;0.00584601
899;0.00127653
900;0.020207
901;0.00101031
902;0.39962
903;0.0012428
904;1.3211e-08
905;0.00047626
906;0.274293
907;0.011252
908;5.12207e-07
909;0.00016824
910;0.402764
911;0.0006537
912;0.15351
913;0.00095362
914;0.00660285
915;0.00303649
916;0.00612211
917;0.00062573
918;0.00092979
919;0.00218031
920;0.030222
921;0.060181
922;0.0001181
923;0.00157474
924;1.2403e-06
925;0.028154
926;0.064091
927;0.024739
928;0.988002
929;0.542358
930;0.00275122
931;0.0059606
932;0.00246208
933;0.00280786
934;301.3308
935;1.88639e-05
936;0.00394685
937;0.0007285
938;0.024729
939;125.3853
940;0.00029702
941;0.623762
942;5.20239640303776e-11
943;0.021979
944;32.1271
945;0.00448379
946;0.00101886
947;0.00335684
948;0.0066226
949;1.1739
950;0.00635963
951;0.00281515
952;0.0004948
953;6.1652e-06
954;717.7818
955;0.00310062
956;0.00752551
957;0.00326676
958;0.03504
959;0.0177
960;0.00245908
961;9.79e-06
962;0.00981849
963;403.5484
964;0.0079157
965;0.00024103
966;0.00322084
967;0.00912972
968;0.00866081
969;0.00258218
970;0.00108
971;0.00240053
972;0.166865
973;3.2447
974;0.00013001
975;0.00223089
976;0.00585064
977;0.00625404
978;0.017552
979;0.028134
980;0.143421
981;0.00055122
982;0.00514562
983;0.00279765
984;0.383871
985;0.00093964
986;0.00429218
987;0.0002978
988;0.00862222
989;0.00110304
990;0.00270288
991;1.24395e-07
992;0.00039133
993;0.0028163
994;0.00099726
995;0.029552
996;0.216133
997;2.44507e-05
998;0.00247647
999;0.00209209
1000;0.00149711
1001;0.0007967
1002;0.00125206
1003;0.00201359
1004;4.50380604341476e-11
1005;0.209835
1006;0.00511021
1007;0.00221187
1008;0.00012042
1009;6.98374e-07
1010;0.00592041
1011;0.013551
1012;0.037093
1013;2.22086e-07
1014;0.0067252
1015;0.020057
1016;0.00281212
1017;0.00193423
1018;0.03045
1019;0.00138827
1020;0.054748
1021;0.00041524
1022;0.018275
1023;0.00066867
1024;0.027239
1025;0.00152466
1026;0.043028
1027;230.5281
1028;0.121214
1029;0.00348556
1030;0.039694
1031;0.014872
1032;0.00699267
1033;9.75355e-05
1034;0.00032527
1035;0.019126
1036;0.00279154
1037;0.134957
1038;0.016187
1039;0.00555569
1040;0.235881
1041;0.00168578
1042;0.00329016
1043;0.00201414
1044;7.7827e-05
1045;34.8595
1046;0.013742
1047;0.00785745
1048;0.00044318
1049;1.78403364731172e-09
1050;2.6062e-05
1051;0.024142
1052;0.038533
1053;0.00157992
1054;0.00015784
1055;0.00358386
1056;0.00157058
1057;0.00156632
1058;0.00169043
1059;0.00935017
1060;0.00652886
1061;0.0015383
1062;0.00715716
1063;3.61915958237708e-09
1064;0.025447
1065;0.239872
1066;0.011227
1067;0.03194
1068;3.5372e-06
1069;0.00589132
1070;9.13183e-05
1071;0.00090098
1072;0.00057849
1073;3.86401e-05
1074;0.00376318
1075;0.0041961
1076;0.011413
1077;0.00020245
1078;1.17899633758724e-17
1079;0.00143033
1080;0.00536321
1081;0.019655
1082;0.00022199
1083;0.013932
1084;0.0004567
1085;0.00600107
1086;0.00206274
1087;0.00206794
1088;0.00106637
1089;0.00133613
1090;9.96345e-05
1091;0.046314
1092;0.00181006
1093;0.00818857
1094;0.02142
1095;0.108811
1096;0.00010776
1097;0.025769
1098;2.74318580937122e-09
1099;0.635078
1100;0.014639
1101;33.3002
1102;1.3647
1103;0.064862
1104;0.380321
1105;0.030679
1106;0.00607825
1107;0.00030035
1108;0.00328177
1109;0.0059287
1110;0.00127007
1111;2.4971e-06
1112;0.012554
1113;0.019396
1114;3.75065e-05
1115;0.017437
1116;0.010223
1117;0.00401615
1118;201.8965
1119;0.700867
1120;0.012004
1121;0.00118
1122;0.080976
1123;0.0075704
1124;0.00235187
1125;0.061352
1126;0.00142821
1127;0.092979
1128;9.00761e-05
1129;0.00151128
1130;0.0017241
1131;0.056676
1132;1.0989e-08
1133;0.00803485
1134;0.011957
1135;178.6706
1136;0.00053785
1137;0.00186237
1138;0.00103759
1139;3.32420919835506e-09
1140;1.49077e-05
1141;0.00194458
1142;0.0012304
1143;6.9759e-05
1144;6.5155e-06
1145;0.108792
1146;0.00058852
1147;0.00080068
1148;2.36499859568646e-09
1149;0.00674289
1150;0.0011622
1151;0.0008375
1152;0.00097053
1153;0.00095801
1154;0.00606582
1155;0.01596
1156;0.00987635
1157;0.00485011
1158;2.20085988654868e-09
1159;5.12368e-07
1160;0.00234291
1161;0.00360705
1162;0.00056848
1163;0.012991
1164;0.00161091
1165;0.00168142
1166;0.87554
1167;0.00025154
1168;0.04777
1169;0.00024068
1170;0.00014201
1171;0.00016324
1172;0.00204509
1173;0.00189578
1174;0.00179465
1175;0.00048651
1176;0.00315892
1177;0.00343811
1178;0.000707
1179;0.00211735
1180;0.00087224
1181;0.00353198
1182;0.012238
1183;0.0010878
1184;0.00050683
1185;0.00098078
1186;0.00081365
1187;0.00025809
1188;0.00080068
1189;0.00040234
1190;0.00091968
1191;0.016947
1193;0.00079757
1194;0.0075764
1195;0.00121001
1196;0.193641
1197;0.010018
1198;7.46731e-07
1199;0.00784663
1200;9.3331e-06
1201;0.101367
1202;1.7415e-06
1203;1.49226e-05
1204;0.00075932
1205;4.15963e-05
1206;2.8024e-08
1207;0.00079943
1208;0.00077116
1209;0.014612
1210;0.00900761
1211;1.91763507854704e-09
1212;78892.4
1213;0.00019484
1214;0.00321607
1215;0.0010346
1216;0.00046082
1217;1.62137017562931e-12
1218;0.018005
1219;0.00010109
1220;0.00142068
1221;0.00050983
1222;0.00022016
1223;6.8348e-06
1224;0.016453
1225;0.00068078
1226;0.019643
1227;0.00067467
1228;0.00063043
1229;0.00027934
1230;0.00072902
1231;0.00882577
1232;0.00012441
1233;0.00368262
1234;0.00292283
1235;0.00297204
1236;0.02609
1237;0.00097984
1238;0.00062343
1239;0.073562
1240;0.00045038
1241;0.101756
1242;0.00092398
1243;0.00358141
1244;0.056197
1245;0.019952
1246;0.00057218
1247;0.00107466
1248;0.00016847
1249;4.90414e-05
1250;0.00516998
1251;0.00055857
1252;0.00867009
1253;0.00117089
1254;7.9726e-06
1255;0.026145
1256;1.32129e-05
1257;0.00035683
1258;0.00778758
1259;0.010709
1260;0.00397695
1261;0.026421
1262;0.00010297
1263;0.00602509
1264;0.00051753
1265;0.042734
1266;0.48471
1267;1.2052
1268;0.0007144
1269;0.00024821
1270;0.00590499
1271;0.023331
1272;0.00048908
1273;0.00109023
1274;0.00047774
1275;0.00048041
1276;0.00296441
1277;4.61646e-07
1278;76.482
1279;0.00635537
1280;9.00861e-05
1281;0.045566
1282;7.37523260753853e-10
1283;0.00044848
1284;0.00682674
1285;5.76563e-05
1286;0.00134429
1287;8.09184e-07
1288;0.120001
1289;0.045382
1290;4.36711e-05
1291;8.01835e-05
1292;0.00190535
1293;0.002299
1294;0.00010351
1295;0.152408
1296;0.00223169
1297;0.00101621
1298;0.00074727
1299;0.00543461
1300;0.00382423
1301;0.00198968
1302;0.00124605
1303;0.00023082
1304;0.084571
1305;0.00350936
1306;0.00193343
1307;0.00085255
1308;1.4752e-06
1309;0.00387227
1310;0.00012437
1311;0.00254715
1312;0.020597
1313;0.00300254
1314;8.78742601359591e-10
1315;4.60489e-05
1316;0.00206877
1317;0.00274301
1318;1.51327883058736e-10
1319;0.044297
1320;0.00045348
1321;0.00389129
1322;0.00014151
1323;0.00042741
1324;4.46377e-05
1325;0.00200269
1326;0.0025992
1327;0.0008579
1328;0.00036408
1329;0.00034199
1330;0.00049369
1331;2.38967e-05
1332;0.121403
1333;0.00108091
1334;0.0005936
1335;0.0004765
1336;0.0008486
1337;8.29701e-05
1338;0.0036646
1339;3.85326e-05
1340;0.00028836
1341;0.00129109
1342;0.00627964
1343;0.039182
1344;0.029278
1345;0.00056137
1346;0.00038401
1347;0.0001144
1348;0.00030626
1349;2.9322e-08
1350;0.00180397
1351;0.00028924
1352;0.010339
1353;0.00102086
1354;0.00012745
1355;0.00104293
1356;0.00030786
1357;0.00029415
1358;270.3648
1359;0.00048055
1360;0.00028124
1361;0.00141083
1362;0.00057238
1363;0.00023109
1364;0.00265224
1365;0.00018956
1366;0.00315269
1367;0.00179282
1368;0.00062566
1369;0.00025151
1370;0.00072291
1371;2.8424e-05
1372;6.41542e-05
1373;0.00050563
1374;0.0001201
1375;1.13001e-05
1376;0.056998
1377;0.00416341
1378;0.0006665
1379;2.30194531107866e-13
1380;0.00119701
1381;0.00531743
1382;0.00052264
1383;0.00214241
1384;0.00079533
1385;3.97936e-05
1386;0.015366
1387;0.00029785
1388;3.91366e-07
1389;0.00308984
1390;8.66193e-05
1391;0.00223189
1392;0.073032
1393;0.00042501
1394;0.0010055
1395;0.00137787
1396;3.9443e-06
1397;0.00172145
1398;0.00246302
1399;0.00028024
1400;1.4012
1401;0.00075414
1402;0.00062653
1403;2.16383e-07
1404;1.91089e-05
1405;0.00035824
1406;0.00132212
1407;0.00045015
1408;2.14081e-05
1409;0.0033128
1410;0.00060051
1411;0.340288
1412;0.00058239
1413;0.013384
1414;0.00016714
1415;0.00132645
1416;0.00140719
1417;0.041034
1418;0.00185075
1419;0.011185
1420;0.034811
1421;0.00085741
1422;0.00100085
1423;3.75333e-07
1424;0.00074955
1425;0.00047986
1426;1.66642e-05
1427;0.00139818
1428;0.00022926
1429;0.00033718
1430;8.66732e-05
1431;0.00014282
1432;0.033528
1433;0.00079616
1434;0.00020657
1435;0.00024441
1436;0.00027193
1437;0.00017799
1438;5.03025e-05
1439;1.64039e-05
1440;0.00049982
1441;0.00077956
1442;0.0001384
1443;0.00020328
1444;3.00253736227651e-10
1445;0.00064479
1446;0.036881
1447;0.00011911
1448;0.00017437
1449;2.00169e-07
1450;0.00023954
1451;0.00859712
1452;0.0010094
1453;0.00055227
1454;0.061035
1455;0.00182855
1456;0.00350296
1457;0.034719
1459;0.00185156
1460;0.0005975
1461;0.024212
1462;0.00042716
1463;1.00085e-05
1464;0.00030435
1465;0.00072073
1466;9.39594e-05
1467;0.00119762
1468;0.00021135
1469;0.017622
1470;0.00019466
1471;2.0107e-05
1472;9.0076e-06
1473;0.00117444
1474;8.4221e-06
1475;0.00049802
1476;0.00567967
1477;0.00086343
1478;1.5723
1479;0.00440372
1480;0.00846615
1481;0.00055477
1482;7.88666e-05
1483;0.0001549
1484;3.9155e-06
1485;0.0007165
1486;0.00482308
1487;0.00067667
1488;0.045218
1489;2.5421e-06
1490;0.00020324
1491;0.00036671
1492;1.48125e-05
1493;4.684e-06
1494;0.037902
1495;0.00012991
1496;6.76372e-05
1497;0.00021188
1498;0.010596
1499;0.00170144
1500;0.00025617
1501;4.1035e-06
1502;0.00040396
1503;0.00019745
1504;0.00050323
1505;0.00016034
1506;4.62491e-05
1507;2.382e-06
1508;0.00031337
1509;0.000118
1510;0.00175247
1511;0.00910069
1512;0.00013361
1513;0.00032127
1514;5.0042e-06
1515;9.63814e-05
1517;1.34414e-05
1518;0.00873243
1519;0.00098483
1520;0.00367451
1521;5.0513e-06
1522;2.54715e-05
1523;0.00046357
1524;0.00320271
1525;0.0024873
1526;0.00231096
1527;0.00041225
1528;2.10178e-05
1529;0.00018416
1530;0.00012312
1531;0.00031372
1532;0.0003523
1533;8.90252e-05
1534;4.4057e-06
1535;0.0001209
1536;0.0001124
1537;2.2029e-06
1538;0.00119734
1539;0.00023573
1540;4.21656e-05
1541;2.00169e-05
1542;7.114e-05
1543;1.95665e-05
1544;0.00069318
1545;0.00043577
1546;0.00040034
1547;3.70313e-05
1548;0.00037432
1549;0.00022119
1550;0.020017
1551;0.00400337
1552;7.50634e-07
1553;0.00014782
1554;1.2511e-06
1555;4.35268e-05
1556;0.00015013
1557;1.21002e-05
1558;0.00022907
1559;0.00016494
1560;0.00107191
1561;0.00022819
1562;0.010069
1563;1.60636e-07
1564;9.7996e-08
1565;0.00014617
1566;0.00120567
1567;0.00107102
1568;0.00043036
1569;0.0003503
1570;0.00010008
1571;5.58372e-05
1572;0.00225491
1573;5.11432e-05
1574;3.2027e-06
1575;6.00507e-05
1576;5.4987e-06
1577;0.00015013
1578;4.31365e-05
1579;1.5888e-06
1580;1.00085e-07
1581;5.00882e-05
1582;0.00010009
1583;0.00016294
1584;1.52829e-05
1585;2.0017e-06
1586;1.6014e-06
1587;8.00676629940402e-12
1588;4.10346772844456e-09
1593;1.0007
1594;1.0009
1595;1.0009
1596;0.670519
1597;0.032355
1600;0.229754
1601;5.464
1603;0.094864
1604;1.2011
1605;0.07894
1606;0.067573
1608;0.029352
1609;0.142011
1610;0.188705
1611;0.00753295
1612;0.213408
1613;58.5168
1614;0.031216
1615;4.45936e-05
1616;0.056649
1617;0.129601
1618;0.999788
1619;0.065823
1620;33.7153
1621;0.00905565
1622;0.120768
1623;1.62367e-05
1624;4.3391
1625;0.105882
1626;0.00949409
1627;0.039259
1628;0.00101076
1629;0.00373962
1630;0.00041244
1631;0.00183605
1633;0.02212
1634;15.1641
1635;0.584157
1636;0.016154
1637;141.0543
1638;1.0347
1639;0.064897
1640;0.00235727
1641;1.9767e-06
1642;0.045242
1643;1.0006
1644;0.182745
1645;0.195866
1646;7.2859
1647;0.0028354
1648;0.391841
1649;0.026845
1650;0.022247
1651;0.162534
1652;0.075588
1653;15.2271
1654;0.543214
1655;0.00873696
1657;0.078785
1658;0.450804
1659;0.015854
1660;4688.62
1661;409.3537
1662;0.658066
1663;0.099869
1664;0.124745
1665;0.150107
1666;0.23953
1667;0.00419955
1668;0.036786
1669;0.012496
1670;0.638022
1671;0.270274
1672;23.6153
1673;130.8027
1674;0.00290145
1675;0.384861
1676;1.2724
1677;0.221687
1678;0.16525
1679;0.01377
1680;0.00128263
1681;0.070249
1682;0.057706
1683;0.764468
1684;101.9962
1685;1.001
1686;0.125984
1687;1.7044e-06
1688;0.048995
1689;13.6227
1690;0.174705
1691;230.6729
1692;0.025053
1693;0.262684
1694;0.644769
1695;0.102062
1696;0.021481
1697;1.1264
1698;78.6449
1699;0.00199641
1700;0.083921
1701;5.27919e-05
1702;0.087839
1703;0.159876
1704;0.032899
1705;0.885885
1706;2.50912e-07
1707;120.0101
1708;0.052663
1709;0.311589
1710;1023.96
1711;0.033819
1712;0.322666
1713;436.2055
1714;0.262018
1715;0.011197
1717;0.130438
1718;750.2945
1719;300.9714
1720;0.013225
1721;0.016982
1723;0.00335378
1724;18.5277
1725;270.8547
1726;0.318105
1727;0.019928
1728;0.056799
1729;448.1768
1730;0.118753
1731;0.034216
1732;1.0096
1733;1.6033
1734;0.075784
1735;5.3456
1736;0.088372
1737;0.050367
1738;0.062634
1739;0.023305
1740;406.7109
1741;0.020121
1742;0.018262
1743;0.012838
1744;0.050255
1745;0.00409543
1746;0.00025033
1747;0.076767
1748;0.164619
1749;0.117421
1750;0.083204
1751;125.3815
1752;0.02386
1753;0.236224
1754;0.302032
1755;0.00037301
1756;3.4629
1757;0.132198
1758;1.1564
1759;0.00440943
1760;0.052444
1761;145.0204
1762;0.011823
1763;0.136685
1764;0.150081
1765;1.0002
1766;0.28059
1767;152.1427
1768;0.00992439
1769;0.071161
1770;0.00442684
1771;1.2286e-06
1772;0.082785
1773;0.00093566
1775;163.6993
1776;4.0894
1777;0.00481704
1778;1624.61
1779;0.890928
1780;0.251785
1781;1.8526e-06
1783;0.211732
1784;227.9406
1785;0.017895
1786;188.595
1787;0.017619
1788;0.00734016
1789;1.3236
1790;5.93301e-07
1791;526.7914
1792;0.012751
1793;304.8875
1794;0.044077
1795;0.146196
1796;0.132673
1798;1.07614e-05
1799;0.035695
1800;108.3867
1801;0.00767725
1802;84.6055
1803;0.019384
1804;493.8663
1805;408.1296
1806;0.089576
1807;0.05243
1808;0.110566
1809;88.3968
1810;0.021411
1811;0.66952
1812;2.06
1813;0.014068
1814;98.5266
1815;0.051223
1816;86.9735
1817;0.070164
1819;0.00923573
1820;0.00035791
1821;0.015284
1822;81.4449
1823;101.7101
1824;0.295466
1825;8.29676e-05
1826;2.30207e-05
1827;619.3164
1828;11.6699
1829;0.0046964
1830;0.025341
1831;0.00031195
1832;0.552761
1833;0.149084
1834;0.084526
1835;0.00053147
1836;0.00249888
1837;0.08825
1838;282.5938
1839;6.5189
1840;87.5972
1841;0.0061338
1842;0.00241269
1843;0.00083215
1844;6.9778
1845;0.057504
1846;0.075664
1847;0.00228257
1848;0.013296
1849;3.8083
1850;2.1114
1851;0.00301528
1853;0.11807
1854;1.10627e-05
1855;0.029865
1856;0.070423
1857;1.6918
1858;0.042686
1859;0.024111
1860;0.025354
1861;417.8826
1862;0.02705
1863;878.0815
1864;1.3678
1865;0.352898
1866;0.014676
1867;618.3823
1868;0.03424
1869;0.21944
1870;6.5651e-06
1871;0.053984
1872;0.802486
1874;0.00374594
1875;1.1714
1877;0.130821
1878;0.566351
1879;0.00264429
1880;0.00654949
1881;0.00585111
1882;794.2412
1883;90.8568
1884;418.5147
1885;0.403825
1886;0.00571026
1888;0.074931
1889;0.0054376
1890;0.132195
1891;0.010736
1892;0.188549
1893;1.4562
1894;92.241
1895;4.1899
1896;0.015518
1897;0.00279862
1898;0.00495619
1899;0.026202
1900;0.01091
1902;0.00026887
1903;0.116907
1904;206.5946
1905;202.4075
1906;0.217733
1907;185.7904
1908;1.2614
1909;0.00763495
1910;0.113252
1911;0.013409
1912;0.022911
1913;0.036044
1914;0.317769
1915;0.03921
1916;115.9641
1917;209.9842
1918;210.8719
1919;155.029
1920;15.4208
1921;12.7618
1922;275.7618
1923;32.2573
1924;445.0472
1925;152.8911
1926;95.9314
1927;191.2597
1928;19.2363
1929;25.0735
1930;0.102787
1931;230.2316
1932;351.5949
1933;47.7091
1934;133.4539
1935;23.8791
1936;152.1186
1937;294.9502
1938;0.00363214
1939;143.211
1940;113.8479
1941;134.0224
1942;55.0377
1943;101.5341
1944;238.0221
1945;169.0966
1946;68.0061
1947;97.2242
1948;0.061119
1949;22.5373
1950;218.5638
1951;43.1756
1952;1.0937
1953;76.6512
1954;438.9165
1955;561.1523
1956;19.986
1957;34.7484
1958;26.1638
1959;8.4462
1960;430.1217
1961;48.6592
1962;0.00191862
1963;1.56643e-05
1964;32.0736
1965;50.853
1966;50.5618
1967;78.0841
1968;0.00121301
1969;0.014968
1970;73.6814
1971;12.7718
1972;0.744612
1973;959.631
1974;75.0662
1975;1027.02
1976;1588.65
1977;3.45987e-05
1978;0.00102907
1979;0.017301
1980;0.022219
1981;94.3501
1982;0.016198
1983;0.021678
1985;4.7776
1986;221.9175
1987;0.057479
1988;26.8727
1989;0.062191
1990;0.391671
1991;0.013814
1992;0.00119101
1993;1.1547e-06
1994;0.00397036
1995;160.0052
1996;0.035288
1997;141.98
1998;0.00030798
1999;0.01179
2000;0.015134
2001;0.302656
2002;0.00985833
2003;0.00687381
2004;2.8462e-06
2005;0.0016614
2006;0.00500223
2007;0.00175548
2008;0.010796
2009;0.744329
2010;0.00417953
2012;1.1738
2014;12.0732
2015;0.029527
2016;0.365793
2017;65.3008
2018;0.010258
2019;0.112104
2020;0.00306059
2022;178.1233
2023;79.247
2024;0.03496
2025;0.00037932
2026;0.00433028
2027;0.149236
2028;1.41724167466296e-11
2029;718.747
2030;0.109012
2031;0.073412
2032;0.00356926
2033;0.252283
2034;0.660393
2035;0.07761
2036;0.059781
2037;0.00029825
2038;0.00065733
2039;153.3096
2040;0.00873644
2041;0.00680197
2042;0.301455
2043;0.038933
2044;350.6565
2045;0.00186347
2046;1.4398
2047;0.023907
2048;0.104088
2049;0.013071
2050;0.078627
2051;0.152329
2052;0.036461
2053;879.0586
2054;0.032129
2055;0.011393
2056;0.107806
2057;1.6847
2058;0.00079674
2059;1.4288e-08
2060;403.2362
2061;0.998644
2062;0.175937
2063;0.010402
2064;0.00230595
2065;0.0081387
2066;0.000412
2067;0.00805952
2068;3.0326e-06
2069;0.019666
2070;0.00281774
2071;3.65609e-07
2072;0.01107
2073;1.22439e-05
2074;1.002
2075;0.018976
2076;10.0957
2077;0.00370313
2078;0.00411248
2079;0.00326276
2080;0.0708
2081;0.00144336
2082;0.00017839
2083;0.211489
2084;0.00041415
2085;0.045354
2086;1.92015e-07
2087;0.00013812
2088;2.7593
2089;1.886
2090;0.00624613
2091;0.0081653
2092;0.00180599
2093;2.33158e-05
2094;0.082154
2095;0.079176
2096;0.749433
2097;0.073432
2098;0.027333
2099;4.59488e-07
2100;0.00109051
2102;0.00282239
2103;280.9057
2104;5.18939e-07
2105;0.0002359
2106;1.0441
2107;0.127974
2108;3.369
2109;0.00196192
2110;0.017255
2111;0.00143493
2112;2.1028e-06
2113;0.0030511
2114;0.00290646
2115;0.00594052
2116;0.108335
2117;0.00129305
2118;0.290396
2119;0.00010242
2120;0.093133
2121;0.028604
2122;0.00026077
2123;1.4262e-06
2124;0.00161486
2125;7.1054e-06
2126;0.0052857
2127;0.0087604
2128;0.112235
2129;0.00108322
2130;0.00194665
2131;0.00419403
2132;0.00857086
2133;4.52061e-05
2134;0.00021418
2135;0.00175148
2136;0.024445
2137;0.00214544
2138;2.392e-06
2139;0.00013974
2140;0.00171591
2141;0.010409
2142;0.00395196
2143;0.00295915
2144;9.6982e-06
2145;0.025284
2146;0.180653
2148;0.217339
2149;0.027449
2150;0.00060811
2151;0.00151528
2152;0.01143
2153;0.047496
2154;39.4972
2155;0.089976
2156;0.096081
2157;0.085572
2158;0.300712
2159;0.020791
2160;0.150827
2161;2.326
2162;0.0014182
2163;1.0008
2164;0.00227492
2165;0.00215282
2166;1.3471
2167;0.3
2168;2.351
2169;1.08592e-07
2170;4688.22
2171;1.14
2172;0.00532451
2173;0.00107501
2174;0.00270862
2175;0.019246
2176;0.022078
2178;16.7512
2179;3.17803e-07
2180;0.00684778
2181;0.00150901
2182;0.00129703
2183;0.043236
2184;0.750534
2185;0.00091296
2186;0.00448379
2187;0.001136
2188;3.46239146692209e-09
2189;0.00107391
2190;3.8425
2191;3.41288e-05
2192;0.00774088
2193;0.00608514
2194;0.00156875
2195;0.020536
2196;87.7742
2197;0.00181325
2198;0.00034313
2199;0.00251186
2200;61.8523
2201;0.433366
2202;4.0158
2203;8.8295e-06
2204;0.0082409
2205;0.00731935
2206;0.016228
2207;0.017892
2208;0.130995
2209;0.00034122
2210;0.00292599
2211;0.00024155
2212;8.17891e-05
2213;0.00191462
2214;0.998544
2215;0.419405
2216;0.00880354
2217;0.00298552
2218;0.016939
2219;0.00036079
2220;0.00013728
2221;1.46924e-07
2223;0.092979
2224;0.038573
2225;1.1747
2226;9269.62
2227;0.00194598
2228;2.10872e-07
2229;0.015551
2230;1.0008
2231;0.01201
2232;0.692285
2233;0.01073
2234;0.486061
2235;0.013778
2236;0.04036
2237;0.00428572
2238;0.135204
2239;7.93783e-05
2240;0.159835
2241;0.015109
2242;0.014366
2243;0.608991
2244;0.00615591
2245;0.00014712
2246;4.6998
2247;0.00816628
2248;39.4834
2249;0.00262922
2250;0.00084647
2251;0.00060849
2252;0.00022119
2253;0.044978
2254;0.00194978
2255;0.023476
2256;0.00844714
2257;0.00323501
2258;6.80575e-07
2259;0.00059851
2260;0.00590399
2261;8.279e-08
2262;0.00529147
2263;0.0116
2264;0.090476
2265;0.00037872
2266;0.146123
2267;0.00325685
2268;0.00464983
2269;9.0316
2270;0.00906566
2271;0.00084411
2272;0.00089576
2273;0.00029035
2274;0.00808032
2275;0.287443
2276;0.026329
2277;0.00280297
2278;0.0018267
2279;0.00217784
2280;0.028194
2281;3.3507e-08
2282;1.134
2284;0.00138493
2285;0.193263
2286;1.0459
2287;0.00163238
2288;0.020819
2289;0.00522442
2290;0.00900959
2291;1.73048e-07
2292;8.4765
2293;0.00137774
2294;7.1231
2295;0.00528407
2296;0.00733253
2297;0.120272
2298;0.023036
2299;0.00620147
2300;0.039114
2301;0.045022
2302;0.078576
2303;0.00964133
2304;0.108918
2305;0.00313278
2306;2.02171e-05
2307;0.00299513
2308;0.00032708
2309;0.00082733
2310;7.75761104448141e-09
2311;0.092983
2312;0.999424
2313;0.069357
2314;0.054636
2315;0.089175
2316;0.0003397
2317;0.00096381
2318;0.408846
2319;0.00140312
2320;2.3039e-06
2321;3.3667e-08
2322;0.332345
2323;0.00080004
2324;0.00173764
2325;2.0217
2326;0.01216
2327;0.00191762
2328;0.00768249
2329;0.00027614
2330;0.086473
2331;0.00048062
2332;0.014798
2333;0.018726
2334;0.301479
2335;0.00853455
2336;0.00040172
2337;0.0007126
2338;0.00371293
2339;1.0009
2340;0.00072373
2341;0.00806022
2342;0.329879
2343;1.2586
2344;1.4562
2345;0.00039336
2346;0.00390708
2347;0.00020307
2348;3.83283e-05
2349;0.018967
2350;0.724116
2351;0.279726
2352;0.00105117
2353;0.031997
2354;0.048055
2355;0.00057849
2356;0.050643
2357;0.00151424
2358;0.216823
2359;0.0002536
2360;4703.16
2361;0.209894
2362;0.00133913
2363;1.0007
2364;7.3062e-06
2365;0.00117399
2366;0.150627
2367;0.339187
2368;0.029895
2369;0.661159
2370;0.126822
2371;6.87081e-05
2372;0.00661459
2373;0.00636091
2374;3.2087
2375;0.013341
2376;45.5485
2377;0.00248551
2378;0.0098183
2379;0.00218685
2380;0.00124989
2381;0.061022
2382;0.00011579
2383;0.00084782
2384;0.058009
2385;13.8317
2386;0.05446
2387;0.00889801
2388;0.013355
2389;0.024051
2390;0.1896
2391;0.00395334
2392;0.012801
2393;0.00175385
2394;0.00218006
2395;227.0919
2396;0.00380321
2397;0.00116159
2398;242.7251
2399;0.064299
2400;0.00129051
2401;0.029255
2402;0.00045538
2403;2.18991e-05
2404;0.128108
2405;0.00470598
2406;0.0013154
2407;41.425
2408;0.00393332
2409;0.090857
2410;64.2043
2411;0.195966
2412;125.6862
2413;8.7312e-06
2414;0.159735
2415;0.081967
2416;0.010325
2417;0.00190613
2418;0.313837
2419;2.80236820479141e-09
2420;435.438
2421;0.00050303
2422;144.362
2423;0.00027262
2424;295.2195
2425;0.00089776
2426;83.6107
2427;1.2791
2428;143.4312
2429;21.4681
2430;14.3521
2431;0.00232296
2432;27.8555
2433;1849.4
2434;376.4782
2435;21.338
2436;0.00077826
2437;131.0608
2438;0.00040023
2439;0.0024382
2440;0.00411848
2441;0.00092132
2442;371.8743
2443;0.00411748
2444;0.00079898
2445;0.30822
2446;0.026699
2447;38.5025
2448;0.00097967
2449;8.21093884003882e-10
2450;0.00043929
2451;0.0094509
2452;0.00116198
2453;0.00019137
2454;6.04925e-05
2455;0.00030246
2456;0.013225
2457;0.450062
2458;7.70536e-05
2459;7.8386e-06
2460;0.00322072
2461;0.971625
2462;0.017895
2463;0.000942
2464;1106.64
2465;113.0455
2466;7.11001e-05
2467;912.1508
2468;0.04711
2469;0.00012621
2470;0.005915
2471;0.030562
2472;1.4522e-08
2473;0.00755753
2474;323.073
2475;1556.01
2476;0.00230895
2477;0.00223189
2478;3.3041
2479;0.00044425
2480;0.00507429
2481;0.00651058
2482;0.00085472
2483;0.00115528
2484;0.00112095
2485;5.941e-08
2486;0.659858
2487;25.3214
2488;0.00056598
2489;4.48679e-05
2490;0.02425
2491;0.117099
2492;0.060913
2493;520.0295
2494;0.0024871
2495;79693.32
2496;0.066836
2497;1.0009
2498;1.2619e-06
2499;0.00079159
2500;0.00448579
2501;4.00338314970201e-09
2502;0.00594002
2503;431.0242
2504;0.00068638
2505;0.00020187
2506;3.16467e-05
2507;0.050091
2508;0.00107962
2509;0.072291
2510;0.027493
2511;0.039163
2512;0.00107846
2513;0.00740526
2514;0.045909
2515;0.195957
2516;0.00115162
2517;0.044084
2518;0.0001212
2519;0.00815471
2520;0.00370491
2521;0.0018926
2522;0.00907767
2523;0.089524
2525;0.018796
2526;0.00308661
2527;0.0005871
2528;3.44091e-05
2529;5.21741e-05
2530;215.4771
2531;0.00231195
2532;0.0010669
2533;0.00570396
2534;75563.86
2535;0.00072561
2536;0.042256
2537;0.460089
2538;0.477293
2539;0.00388941
2540;5.42458e-05
2541;0.454364
2542;0.10709
2543;0.151928
2544;0.00068074
2545;6.14878e-07
2546;0.0027558
2547;0.060801
2548;0.00512433
2549;0.086163
2550;1.5655
2551;0.0050696
2552;0.00097983
2553;0.396095
2554;0.013409
2555;0.025301
2556;1.6551
2557;0.017964
2558;0.550966
2559;0.00016716
2560;3.92932e-05
2561;0.025712
2562;2.70228e-05
2563;9.2278e-07
2564;0.210378
2565;0.00871737
2566;0.00761043
2567;0.180553
2568;0.132412
2569;0.00761043
2570;6.61659e-05
2571;0.00148325
2572;6.8258e-06
2573;0.00013521
2574;0.051218
2575;1.7809e-06
2576;1.13971e-05
2577;0.26052
2578;0.0001099
2579;0.385734
2580;0.00813588
2581;150.9376
2582;9.8423e-06
2583;0.048455
2584;1.0358753899854e-09
2585;2.58418e-05
2586;0.0002413
2587;0.00014738
2588;5.70482e-05
2589;0.019158
2590;0.391029
2591;0.00579773
2592;0.00122904
2593;0.00060471
2594;0.00099384
2595;0.19924
2596;0.011627
2597;0.249711
2598;0.00531149
2599;9.8053e-08
2600;0.00182154
2601;0.00101629
2602;0.050242
2603;0.300554
2604;0.034599
2605;0.00128909
2606;0.019717
2607;0.00115097
2608;0.00017215
2609;0.013701
2610;0.00652952
2611;2.3713
2612;0.0002333
2614;0.00636037
2615;0.0052044
2616;0.0097082
2617;0.00832403
2618;0.00186347
2619;0.094491
2620;0.061352
2621;3.2057e-06
2622;4.3827e-05
2623;0.049218
2624;0.065025
2625;0.514134
2626;0.130811
2627;0.00020439
2628;0.0921
2629;1.45523e-07
2630;0.111097
2631;0.058255
2632;0.085072
2633;0.00022719
2634;0.00658156
2635;4.57817e-05
2636;0.00191162
2637;6.29751e-05
2638;0.0001026
2639;0.00171345
2640;0.011239
2641;0.00152429
2642;59.0925
2643;0.016998
2644;0.015419
2645;0.00015247
2646;2.11386e-05
2647;0.00171395
2648;5.144
2649;0.278595
2650;0.00027383
2651;0.00030278
2652;0.00026723
2653;0.0041435
2654;0.00518248
2655;0.00178651
2656;0.00132002
2657;0.00093841
2658;0.068818
2659;0.00015148
2660;0.00120402
2661;0.084171
2662;3.2856
2663;0.0004705
2664;0.00503425
2665;6.7605
2666;0.00172145
2667;0.00483409
2668;0.152324
2669;0.140389
2670;0.00495218
2671;0.00261921
2672;0.064815
2673;0.113066
2674;0.040494
2675;0.00123705
2676;11.5398
2677;0.00056794
2678;4.90414e-07
2679;150.3305
2680;7.86264e-05
2681;2.999
2682;0.021016
2683;0.00011797
2684;0.00436869
2685;0.028284
2686;7.2161
2687;0.00740626
2688;9.478
2689;0.00046039
2690;0.087774
2691;0.00255036
2692;0.00104008
2693;13.053
2694;0.00039864
2695;0.00660959
2696;0.00080368
2697;17.1245
2698;0.0006766
2699;0.0119
2700;5.8079e-06
2701;0.00105485
2702;111.6744
2703;0.00040744
2704;0.012624
2705;156.222
2706;0.021568
2707;2273.8
2708;2.5712e-06
2709;0.00022352
2710;0.101286
2711;0.00200169
2712;0.00528447
2713;0.00036501
2714;0.026677
2715;0.00084083
2716;0.00010669
2717;0.016474
2718;0.335636
2719;0.013004
2720;6.6488
2721;6.82377e-05
2722;0.00043377
2723;79536.48
2724;0.00011868
2725;0.00026993
2726;0.02264
2727;2.2319e-06
2728;0.948602
2729;0.00043526
2730;1.85857e-05
2731;0.00407945
2732;6.72869e-05
2733;0.00208776
2734;1.0013
2735;9.2478e-08
2736;0.00259719
2737;0.022659
2738;0.00338464
2739;0.00090936
2740;0.154631
2741;0.00858325
2742;0.00062547
2743;0.028716
2744;0.057878
2745;0.00103588
2746;0.00014072
2747;0.00139818
2748;0.015138
2749;0.00077679
2750;0.553468
2751;0.00734621
2752;0.017969
2753;0.00456486
2754;0.00037542
2755;0.00202972
2756;0.00280337
2757;0.050443
2758;0.540657
2759;2.0317e-06
2760;0.00598706
2761;191.2516
2762;0.07159
2763;0.0004275
2764;0.00164159
2765;0.020617
2766;0.245206
2767;0.00147815
2768;0.735722
2769;0.154835
2770;0.052274
2771;0.00178151
2772;50.0423
2773;0.789667
2774;0.0042556
2775;0.128549
2776;0.00231295
2777;0.007096
2778;0.00600507
2779;0.00012101
2780;0.00477371
2781;0.00630533
2782;2.0944
2783;0.37954
2784;0.00283957
2785;0.00053053
2786;0.00067557
2787;0.00018766
2788;0.00012961
2789;2.7547e-08
2790;6.12518e-05
2791;1.3519
2792;0.00506266
2793;0.130911
2794;0.0010669
2795;0.00016954
2796;0.00020177
2797;1.0005
2798;0.00202671
2799;2.7705e-06
2800;0.151348
2801;0.090727
2802;79827.35
2803;0.00269728
2804;0.00021428
2805;0.00011882
2806;2.8962
2807;0.00050062
2808;0.01209
2809;0.033919
2810;0.00106194
2811;0.00080068
2812;0.207155
2813;3.4746
2814;0.01242
2815;0.03606
2816;0.029695
2817;0.00728015
2818;0.0002951
2819;0.00097644
2820;1.40118e-07
2821;0.00755616
2822;0.00055027
2823;0.00136235
2824;0.021919
2825;0.18976
2826;0.00317
2827;0.018727
2828;0.206775
2829;0.395334
2830;1.48134e-07
2831;0.00014132
2832;3.0926
2833;0.01155
2834;0.017004
2835;6.8358e-06
2836;0.00131221
2837;0.142721
2838;0.054366
2839;0.00091177
2840;0.00174347
2841;0.00089175
2842;0.013982
2843;0.00165438
2844;0.00021888
2845;0.00034619
2846;0.00146324
2847;0.00257718
2848;6.4861
2849;0.164367
2850;2.86642e-05
2851;0.00013361
2852;0.019752
2853;1.20091e-05
2854;6.8878e-06
2855;0.00173046
2856;0.500223
2857;0.00014622
2858;0.00034709
2859;0.0067457
2860;0.012781
2861;1.6228e-07
2862;1.8706e-06
2863;0.00026262
2864;0.00741927
2865;0.020257
2866;0.00262263
2867;0.146883
2868;0.00111094
2869;0.00569882
2870;0.00653652
2871;0.00028124
2872;0.00012721
2873;0.00613049
2874;0.00016814
2875;0.00409518
2876;1.5548e-06
2877;99.28
2878;0.0052124
2879;0.241804
2880;0.00249537
2881;1.12795e-05
2882;0.00652652
2883;0.00141987
2884;0.028224
2885;0.132912
2886;0.00014269
2887;0.0001203
2888;0.00203937
2889;0.00026893
2890;0.00061742
2891;0.980253
2892;0.081372
2893;0.00117099
2894;0.00039724
2895;0.0022529
2896;0.019462
2897;4.9908
2898;0.00127408
2899;0.00194895
2900;1.22303e-05
2901;0.00115988
2902;0.012313
2903;89.5557
2904;0.00140118
2905;0.021878
2906;0.00022909
2907;0.00038592
2908;1.6664e-06
2909;0.00513534
2910;1.03087e-05
2911;3.8387e-05
2912;0.00058389
2913;0.00940795
2914;0.051043
2915;0.021598
2916;0.09706
2917;0.00056037
2918;5.58222e-07
2919;1.0618e-05
2920;0.00322473
2921;0.0014202
2922;0.00053122
2923;0.00055947
2924;0.00026743
2925;1.0003
2926;1.1701
2927;0.00019165
2928;0.045438
2929;0.00076705
2930;0.00055547
2931;0.00576087
2932;0.0004789
2933;7.52563e-05
2934;0.00143594
2935;1.3196e-06
2936;2.05974063052168e-10
2937;0.080068
2939;0.00349796
2940;1.0302
2941;0.012968
2942;0.190161
2943;1.97837e-05
2944;0.00153129
2945;1.03387369841054e-09
2946;0.00057126
2947;0.00523185
2948;0.166511
2949;0.02417
2950;0.00273011
2951;0.00068698
2952;0.00020317
2953;7.35321e-05
2954;0.00192903
2955;1.5443e-06
2956;1.7774e-05
2957;0.00772253
2958;0.00020718
2959;7.6074e-06
2960;2.83239357841417e-09
2961;3.20771e-05
2962;0.00099734
2963;9.02763e-05
2964;0.00014492
2965;0.00116638
2966;3.98737e-05
2967;0.00105009
2968;0.00223028
2969;0.00062463
2971;0.00010883
2972;0.00477377
2973;5.97067e-05
2974;0.00800677
2975;0.075504
2976;79469.18
2977;0.0001192
2978;0.00074353
2979;0.00105589
2980;1.5541
2982;0.00023123
2983;7.86665e-05
2984;0.00182855
2985;0.01142
2986;0.0003489
2987;7.9067e-06
2988;0.00227244
2989;21.1178
2990;0.00029133
2991;2.402
2992;0.00125106
2993;0.00113366
2994;0.00526415
2995;0.00090594
2996;0.00178651
2997;0.012677
2998;0.00081743
2999;2.90745701247108e-09
3000;0.00061192
3001;0.401039
3002;0.08015
3003;0.00050443
3004;8.08113e-05
3005;0.083785
3006;0.020021
3007;3.0152e-06
3008;6.69566e-05
3009;0.0009347
3010;5.1544
3011;0.00311368
3012;0.00264013
3013;1.71144629649761e-09
3014;9.03964e-05
3015;0.411077
3016;8.0118
3017;1.3023
3018;0.029145
3019;8.29501e-07
3020;0.00309111
3021;120.3917
3022;5.40457e-05
3023;0.019514
3024;0.00038042
3025;5.40457e-05
3026;0.00777507
3027;81.4188
3028;0.00016364
3029;0.00336084
3030;0.005749
3031;0.00800977
3032;6.8743
3033;4.40372e-07
3034;0.00822215
3035;0.00029383
3036;0.068458
3037;558.9223
3038;3.1286e-08
3039;0.00019116
3040;0.048961
3041;5.4886e-06
3042;0.00025026
3043;0.00124785
3044;0.00014003
3045;0.0012213
3046;0.347293
3047;7.78058e-05
3048;0.00020848
3049;0.00202832
3050;0.00079367
3051;0.00105089
3052;0.0001235
3053;1.25106e-05
3054;1.76149e-05
3055;0.00124649
3056;0.00025852
3057;0.00323173
3058;0.015063
3059;0.00052319
3060;0.284641
3061;1019.63
3062;0.00610016
3063;0.00033398
3064;0.00068118
3065;0.896768
3066;0.697489
3067;0.00093079
3068;0.00232296
3069;0.00152529
3070;2.89645e-05
3071;0.048041
3072;0.00016514
3073;0.00681372
3074;0.40115
3075;0.00064765
3076;0.00316728
3077;0.00164279
3078;0.00214481
3079;4.01739e-05
3080;0.00120702
3081;7.057e-07
3082;0.032407
3083;0.011083
3084;0.00477704
3085;0.467895
3086;0.145383
3087;133.1125
3088;1.19701e-07
3089;0.096482
3090;0.00048141
3091;0.00903293
3092;12.6934
3093;94.2169
3094;1.6214e-06
3095;0.020407
3096;0.00551466
3097;0.00020687
3098;0.633685
3099;0.00503626
3100;0.00478739
3101;0.00045295
3102;0.050042
3103;0.0048531
3104;0.00647812
3105;0.79237
3106;2.61321e-05
3107;0.00134874
3108;0.00054726
3109;0.00069259
3110;0.00022064
3111;0.00747332
3112;144.5221
3113;0.0001161
3114;0.00117409
3115;0.00026723
3116;0.00278836
3117;0.00479405
3118;3.50296025598926e-11
3119;0.00221888
3120;0.833104
3121;161.8568
3123;0.0044908
3124;0.00040394
3125;2.90245e-05
3126;0.00038843
3127;0.010869
3128;0.305158
3129;0.00314866
3130;9.7542e-08
3131;3.1613
3132;0.00059945
3133;0.0003518
3134;1.63137863350357e-13
3135;2252.19
3136;0.723971
3137;101.2931
3138;1.08
3139;0.00060321
3140;0.755027
3141;0.00421356
3142;0.00127955
3143;1.17359e-05
3144;0.00019265
3145;0.00629532
3146;9.45699e-07
3147;0.12971
3148;0.00029371
3149;0.00043217
3150;0.00150127
3151;0.00155131
3152;8.66232e-05
3153;4.6039e-06
3154;5.66379e-05
3155;0.073062
3156;0.00070059
3157;0.037782
3158;0.00126507
3159;2.48587e-05
3160;0.029925
3161;0.00274132
3162;0.00507429
3163;0.00183153
3164;0.011109
3165;0.00523442
3166;0.00022789
3167;0.000124
3168;407.9848
3169;0.018285
3170;3.70313e-07
3171;0.00039828
3172;9.02763e-05
3173;0.00013661
3174;0.00028753
3175;0.00058059
3176;432.4154
3177;0.032868
3178;0.785
3179;0.033678
3180;0.999798
3181;0.0004694
3182;0.019006
3183;0.00014012
3184;0.00048351
3186;0.00720609
3187;2.7663e-08
3188;0.00054556
3189;0.00086013
3190;2.00869749536298e-09
3191;4.56085e-05
3192;308.5507
3193;0.996842
3194;0.055047
3195;0.00038633
3196;0.00117099
3197;0.033028
3198;0.046629
3199;0.029094
3200;58000
3201;0.00019366
3202;0.00019336
3203;0.00199969
3204;3.50296025598926e-09
3205;492.8965
3206;0.00013554
3207;0.00060831
3208;0.6416
3209;0.00661559
3210;210.2076
3211;6.0868e-08
3212;0.00086073
3213;4.2036e-06
3214;1.38116718664719e-11
3215;10.5089
3216;0.00157994
3217;0.00042436
3218;3.83924e-05
3219;0.014282
3220;0.019266
3221;5.3001e-05
3222;0.00220186
3223;3.1927e-05
3224;0.00178351
3225;0.01221
3226;0.00760184
3227;2.5922e-06
3228;4.3437e-06
3229;0.300254
3230;0.013612
3231;1.0002
3232;0.00820694
3233;0.074916
3234;6.0051e-06
3235;0.00632635
3236;0.028424
3237;0.00078066
3238;1.7825e-06
3239;155.3713
3240;4.21156e-05
3241;85.0118
3242;0.00400438
3243;0.00072161
3244;0.00250211
3245;0.0003513
3246;0.0052044
3247;0.00049312
3248;0.00041035
3249;1.10093e-05
3250;0.00012831
3251;1.32412e-05
3252;4.738e-06
3253;0.00264023
3254;0.013612
3255;0.00700492
3256;191.1916
3257;0.120671
3258;1.70644206756048e-10
3259;4.80406e-05
3260;2.0017e-06
3261;0.00020998
3262;0.0459
3263;6.00507472455301e-18
3264;3.18869e-05
3265;69.2923
3266;0.00040734
3267;1.0008e-08
3268;0.05954
3269;0.0004346
3270;2459.65
3271;0.00070059
3272;167.3014
3273;2.6022e-05
3274;0.0016909
3275;3.3328e-06
3276;0.999233
3277;0.00027023
3278;0.015703
3279;5.0042e-06
3280;0.018716
3281;1.5621
3282;369.7825
3283;1.8015224173659e-11
3284;0.0001201
3285;0.936101
3286;3.9033e-07
3287;0.148357
3288;0.00030025
3289;146.6539
3290;1.00085e-05
3291;0.00924154
3292;0.00146123
3294;3.1527e-06
3295;0.048041
3297;1.21102e-05
3298;0.022019
3299;0.00023999
3300;7.6605e-06
3301;6.00507472455301e-11
3302;7.80659714191892e-11
3303;0.0132
3304;0.0001221
3305;16.8042
3306;0.00176349
3307;0.021268
3308;0.00025128
3309;0.00013726
3310;0.00055417
3311;0.00360303
3312;0.00021018
3313;2.9525e-07
3314;0.00890953
3315;1.5013e-08
3316;0.027123
3317;0.0001141
3318;0.00113476
3319;1.0008457874255e-14
3320;3.8132e-08
3321;0.0001201
3322;0.00020317
3323;0.021278
3324;9.50803e-07
3325;2.49111e-05
3326;0.00079968
3327;0.00040034
3328;3.02356e-05
3329;3.00254e-05
3330;2.422e-06
3331;0.00073462
3332;0.00031727
3333;0.020017
3334;0.00010007
3335;0.00023718
3336;0.00010909
3337;0.00019516
3338;2.00169e-05
3339;5.2044e-06
3340;0.019817
3341;0.085072
3342;0.00052054
3343;1.7315e-06
3344;0.00018015
3345;4.01239e-05
3346;3.3628
3347;0.00740626
3348;0.00040033
3349;5.00423e-05
3350;2.001691574851e-10
3351;6.45445e-05
3352;0.00013833
3353;0.00057048
3354;4.30363688592966e-09
3355;1.80152e-07
3356;4.0034e-08
3357;5.0042e-06
3358;0.00041135
3359;1.90161e-07
3360;9.0076e-06
3361;0.00444476
3362;1.50127e-05
3363;0.146123
3364;240.203
3365;3.40288e-07
3366;4.87612067633705e-16
3367;2.7223e-07
3368;2.7123e-06
3369;0.00038418
3370;0.00023974
3371;4.99422047925326e-10
3372;0.00228192
3373;0.0009508
3374;1.7012
3375;2.70228e-05
3376;6.7797e-06
3377;0.00580491
3378;1.0008e-08
3379;1.3011e-07
3380;7.454538e-14
3381;103.0871
3382;9.93938e-07
3383;0.00010008
3384;3.20271e-07
3385;5.30448e-07
3386;0.250216
3387;0.00010909
3388;4.9041e-08
3389;0.00990837
3390;3.503e-06
3391;2.2219e-06
3392;0.00165036
3393;0.00100087
3394;1.20101e-07
3395;0.00019015
3396;5.00623e-05
3397;0.0013001
3398;1.0008e-08
3399;1.201e-08
3400;3.0055e-06
3401;9.64094730111238e-11
3402;0.967478
3403;1.50127e-05
3404;0.00137216
3405;5.00423e-05
3406;7.43028e-05
3408;0.0007196
3409;7.70651e-07
3410;0.00010008
3411;2.10178e-05
3412;0.00701593
3413;8.4972e-06
3414;4.90274317428257e-10
3415;8.0068e-06
3416;1.2838
3417;5.6147e-06
3418;4.0334e-06
3419;1.6614e-05
3420;6.20524e-07
3421;0.00104088
3422;5.29447e-05
3423;3.10062024944421e-14
3424;3.0025e-08
3425;1.0008e-08
3426;2.001691574851e-10
3427;4.30363588508387e-10
3428;2.66825486927639e-12
